North/South,Stata,R,Diff
Global North,84.4,82.87,1.5300000000000011
Global South,15.6,17.13,-1.5299999999999994
