North/South,Stata,R,Diff
Global South,15.67,18.46,-2.790000000000001
Global North,84.33,81.54,2.789999999999992
